{
  "id": "genome_1767087702107_0s3z47nuw",
  "deckBaseValue": 3.691260308646894,
  "discardPairBonus": 3.609152889136105,
  "discardCollectionBonus": 2.977197748733908,
  "discardMultiplierBonus": 3.1498161757607006,
  "discardColorBonus": 0.9783610058803917,
  "blockingWeight": 0.15034695060945769,
  "minPairValue": 3.959074815666728,
  "fishPairBonus": 3.8286280829628705,
  "crabPairBonus": 4.658730482627158,
  "sailboatPairBonus": 3.9713971847329375,
  "stealPairBonus": 3.4026210982313243,
  "earlyGamePairThreshold": 6.750493990397128,
  "earlyGamePairBonus": 1.3581086210524398,
  "lateGamePairBonus": 0.7618720497151701,
  "declareThreshold": 10.202428163504095,
  "stopVsLastChanceTurnThreshold": 7.607682615415003,
  "scoreDifferenceForStop": 0.20807442753780325,
  "riskTolerance": 0.7519788187482541,
  "opponentHandSizeWeight": 0.5298256042954765,
  "shellPriority": 0.7024501252846065,
  "octopusPriority": 1.2152187921309743,
  "penguinPriority": 1.8116909510145556,
  "sailorPriority": 0.9219567302612603,
  "mermaidPriority": 3.449396622124672,
  "lighthousePriority": 2.277432704068389,
  "fishSchoolPriority": 1.1882587471984198,
  "penguinColonyPriority": 2.561159732449978,
  "captainPriority": 2.182446048657091,
  "earlyGameTurns": 5.68523053174926,
  "midGameTurns": 8.465464182318541,
  "lateGameScoreBonus": 1.3731460323912072,
  "opponentScoreAwareness": 0.5594038581763399,
  "opponentHandAwareness": 0.6539356074560085,
  "defensivePlayWeight": 0.44190160626958885
}