{
  "id": "genome_1767087502610_9wubof05c",
  "deckBaseValue": 2.752838380417101,
  "discardPairBonus": 4.264762801489992,
  "discardCollectionBonus": 1.9540495001459943,
  "discardMultiplierBonus": 2.1982475181722494,
  "discardColorBonus": 1.0010089329341798,
  "blockingWeight": 0.27767682918105696,
  "minPairValue": 0.12547774110457954,
  "fishPairBonus": 0.9201780265045567,
  "crabPairBonus": 1.40961542597558,
  "sailboatPairBonus": 1.8869906429929055,
  "stealPairBonus": 4.778883410646686,
  "earlyGamePairThreshold": 5.608563978297623,
  "earlyGamePairBonus": 0.9704728862442251,
  "lateGamePairBonus": 0.9802046371437698,
  "declareThreshold": 11.545746820554358,
  "stopVsLastChanceTurnThreshold": 13.505938745146963,
  "scoreDifferenceForStop": 3.736860477224572,
  "riskTolerance": 0.27492286308945135,
  "opponentHandSizeWeight": 0.6207566744907003,
  "shellPriority": 1.6756506701472693,
  "octopusPriority": 2.3761601380114112,
  "penguinPriority": 1.389889262363515,
  "sailorPriority": 2.491726246425566,
  "mermaidPriority": 2.42737284840355,
  "lighthousePriority": 2.024559841586224,
  "fishSchoolPriority": 1.5701220501804052,
  "penguinColonyPriority": 2.4253023143188184,
  "captainPriority": 0.8241179661554744,
  "earlyGameTurns": 4.37423393855838,
  "midGameTurns": 7.126692517259583,
  "lateGameScoreBonus": 1.2022135155019653,
  "opponentScoreAwareness": 0.48131501917254926,
  "opponentHandAwareness": 0.3527606812960442,
  "defensivePlayWeight": 0.9499702240734615
}