{
  "id": "genome_1767089784078_kr7l7o0p9",
  "deckBaseValue": 2.8831668428759616,
  "discardPairBonus": 1.1746791971995316,
  "discardCollectionBonus": 1.0867194930396922,
  "discardMultiplierBonus": 1.1254766085105175,
  "discardColorBonus": 0.6931429259472905,
  "blockingWeight": 0.44467442140028157,
  "minPairValue": -0.07725477322816365,
  "fishPairBonus": 2.9476258962138315,
  "crabPairBonus": 0.16723748853862852,
  "sailboatPairBonus": 2.4560908293208845,
  "stealPairBonus": 0.57245117116558,
  "earlyGamePairThreshold": 4.306989078819475,
  "earlyGamePairBonus": 1.1013865871029647,
  "lateGamePairBonus": 0.9774664559974549,
  "declareThreshold": 8.43950103451358,
  "stopVsLastChanceTurnThreshold": 8.450544497789211,
  "scoreDifferenceForStop": 2.1064479981337367,
  "riskTolerance": 0.5329261700992391,
  "opponentHandSizeWeight": 0.6127768156202003,
  "shellPriority": 2.4924819280659865,
  "octopusPriority": 1.7262673369885846,
  "penguinPriority": 0.5655976343924625,
  "sailorPriority": 1.5785201132391464,
  "mermaidPriority": 3.2806003008065714,
  "lighthousePriority": 2.4001251159775485,
  "fishSchoolPriority": 0.6705906731032103,
  "penguinColonyPriority": 1.4393949886155988,
  "captainPriority": 1.6258930045682125,
  "earlyGameTurns": 2.557577700968146,
  "midGameTurns": 8.982389007134309,
  "lateGameScoreBonus": 1.1140780072882392,
  "opponentScoreAwareness": 0.7574202182995011,
  "opponentHandAwareness": 0.8014098489568491,
  "defensivePlayWeight": 0.24362912148538762
}