{
  "id": "child_1767089690655_cqfxptb0v",
  "deckBaseValue": 4.38443468436647,
  "discardPairBonus": 4.083877972407075,
  "discardCollectionBonus": 1.6497567573332077,
  "discardMultiplierBonus": 1.4594249856630461,
  "discardColorBonus": 2.8041323460540193,
  "blockingWeight": 0.2779514539960603,
  "minPairValue": 0.781375847011132,
  "fishPairBonus": 4,
  "crabPairBonus": 1.4244673583678802,
  "sailboatPairBonus": 4.3402384192322385,
  "stealPairBonus": 4.952405663806372,
  "earlyGamePairThreshold": 6.368843498669609,
  "earlyGamePairBonus": 1.3057929740300378,
  "lateGamePairBonus": 1.12486540290727,
  "declareThreshold": 12,
  "stopVsLastChanceTurnThreshold": 8.794589446001375,
  "scoreDifferenceForStop": 2.5900914318411816,
  "riskTolerance": 0.6968135781156741,
  "opponentHandSizeWeight": 0.5294085443295149,
  "shellPriority": 1.56645732309021,
  "octopusPriority": 0.9874765233535152,
  "penguinPriority": 1.0272124934195177,
  "sailorPriority": 2.577879656568935,
  "mermaidPriority": 2.9201332306453076,
  "lighthousePriority": 1.552132873196651,
  "fishSchoolPriority": 2.217752457046534,
  "penguinColonyPriority": 2.7199387462789004,
  "captainPriority": 2.879605701597188,
  "earlyGameTurns": 3.843250012317366,
  "midGameTurns": 9.09694954254972,
  "lateGameScoreBonus": 1.7394944786809028,
  "opponentScoreAwareness": 0.7665669419027635,
  "opponentHandAwareness": 0.364621816036109,
  "defensivePlayWeight": 0.4909531763436623
}