{
  "summary": {
    "totalGenerations": 32,
    "bestFitness": 184.44444444444446,
    "trainingTime": "3m 36s",
    "completedAt": "2025-12-30T10:20:00.119Z"
  },
  "config": {
    "populationSize": 50,
    "generations": 100,
    "eliteCount": 5,
    "mutationRate": 0.1,
    "mutationStrength": 0.2,
    "crossoverRate": 0.8,
    "tournamentSize": 3,
    "matchesPerGenome": 10,
    "gamesPerMatch": 3,
    "enableEarlyStopping": true,
    "earlyStoppingPatience": 15,
    "earlyStoppingMinDelta": 0.1,
    "checkpointInterval": 10,
    "outputDir": "./trained-ai",
    "injectDiversityInterval": 20,
    "diversityInjectionCount": 3
  },
  "bestGenome": {
    "id": "child_1767089894823_7640eb5i2",
    "deckBaseValue": 2.735267168307116,
    "discardPairBonus": 3.3563959883003545,
    "discardCollectionBonus": 1,
    "discardMultiplierBonus": 2.909913718313065,
    "discardColorBonus": 1.438033135268686,
    "blockingWeight": 0.4416887177766958,
    "minPairValue": -0.7143959775298767,
    "fishPairBonus": 3.858180011740128,
    "crabPairBonus": 3.1652429661997727,
    "sailboatPairBonus": 0.12381653678980886,
    "stealPairBonus": 2.4839306532530956,
    "earlyGamePairThreshold": 6.8774927300577815,
    "earlyGamePairBonus": 1.1664309058176487,
    "lateGamePairBonus": 1.0078665056974874,
    "declareThreshold": 10.750542411193477,
    "stopVsLastChanceTurnThreshold": 15,
    "scoreDifferenceForStop": 1.4070945590755963,
    "riskTolerance": 0.9759221785592733,
    "opponentHandSizeWeight": 0.008153965304718458,
    "shellPriority": 1.5367902056826468,
    "octopusPriority": 0.5593644177792038,
    "penguinPriority": 0.5,
    "sailorPriority": 1.8870528543803697,
    "mermaidPriority": 3.7853668563736957,
    "lighthousePriority": 1.9663706479384886,
    "fishSchoolPriority": 1.8197123457847444,
    "penguinColonyPriority": 2.1390854722045898,
    "captainPriority": 1.9396472603389323,
    "earlyGameTurns": 2.1138189346491885,
    "midGameTurns": 6.288812343698245,
    "lateGameScoreBonus": 1,
    "opponentScoreAwareness": 0.6684340343123043,
    "opponentHandAwareness": 0,
    "defensivePlayWeight": 0.15323971687377255
  },
  "evolutionStats": {
    "fitnessImprovement": 20,
    "avgFitnessImprovement": 41.95555555555556,
    "finalDiversity": 0.15820884491253454
  },
  "chartData": {
    "generations": [
      1,
      2,
      3,
      4,
      5,
      6,
      7,
      8,
      9,
      10,
      11,
      12,
      13,
      14,
      15,
      16,
      17,
      18,
      19,
      20,
      21,
      22,
      23,
      24,
      25,
      26,
      27,
      28,
      29,
      30,
      31,
      32,
      33
    ],
    "maxFitness": [
      137.77777777777777,
      163.33333333333331,
      152.22222222222223,
      163.33333333333331,
      148.88888888888889,
      153.33333333333331,
      147.77777777777777,
      147.77777777777777,
      153.33333333333331,
      137.77777777777777,
      154.44444444444446,
      164.44444444444446,
      167.77777777777777,
      148.88888888888889,
      148.88888888888889,
      168.88888888888889,
      163.33333333333331,
      184.44444444444446,
      168.88888888888889,
      178.88888888888889,
      153.33333333333331,
      143.33333333333331,
      147.77777777777777,
      160,
      148.88888888888889,
      147.77777777777777,
      157.77777777777777,
      168.88888888888889,
      153.33333333333331,
      153.33333333333331,
      153.33333333333331,
      153.33333333333331,
      157.77777777777777
    ],
    "avgFitness": [
      62.155555555555566,
      79.84444444444446,
      86.68888888888887,
      77.75555555555557,
      93.66666666666664,
      85.51111111111112,
      91.31111111111112,
      96.86666666666666,
      91.08888888888889,
      90.37777777777774,
      88.66666666666666,
      98.3333333333333,
      101.6222222222222,
      94.64444444444443,
      88.37777777777778,
      90.97777777777776,
      89.9111111111111,
      94.99999999999999,
      91.6,
      94.48888888888888,
      91.88888888888887,
      89.46666666666668,
      89.77777777777779,
      93.4,
      89.57777777777777,
      85.22222222222223,
      90.77777777777776,
      95.93333333333332,
      97.31111111111112,
      87.75555555555556,
      89.77777777777777,
      91.93333333333332,
      104.11111111111113
    ],
    "diversity": [
      0.32110796149949006,
      0.2994660188740625,
      0.2748367805822764,
      0.2801886908452226,
      0.27794226792924676,
      0.2767708598410692,
      0.27523647053741,
      0.2497794225734055,
      0.23243192018171457,
      0.22957982323239495,
      0.21843260284092453,
      0.19625153893004726,
      0.1854349440345649,
      0.1662268447514044,
      0.17176564848338124,
      0.18167087398775075,
      0.17500332780141625,
      0.1774360879877703,
      0.17009683241051343,
      0.15434240525662318,
      0.20922666793848468,
      0.17910372218500378,
      0.16460397848281602,
      0.15635001866427087,
      0.15736232784874882,
      0.15424817038729088,
      0.1569959726905541,
      0.15092800737528222,
      0.1532289192382308,
      0.15534896730054124,
      0.16411533872405595,
      0.16975363386519562,
      0.15820884491253454
    ],
    "bestWinRate": [
      0.6666666666666666,
      0.75,
      0.5833333333333334,
      0.75,
      0.8333333333333334,
      0.75,
      0.6666666666666666,
      0.6666666666666666,
      0.75,
      0.6666666666666666,
      0.9166666666666666,
      0.9166666666666666,
      0.6666666666666666,
      0.8333333333333334,
      0.8333333333333334,
      0.8333333333333334,
      0.75,
      0.9166666666666666,
      0.8333333333333334,
      0.8333333333333334,
      0.75,
      0.75,
      0.6666666666666666,
      1,
      0.8333333333333334,
      0.6666666666666666,
      0.6666666666666666,
      0.8333333333333334,
      0.75,
      0.75,
      0.75,
      0.75,
      0.6666666666666666
    ]
  }
}