{
  "id": "child_1767089894823_7640eb5i2",
  "deckBaseValue": 2.735267168307116,
  "discardPairBonus": 3.3563959883003545,
  "discardCollectionBonus": 1,
  "discardMultiplierBonus": 2.909913718313065,
  "discardColorBonus": 1.438033135268686,
  "blockingWeight": 0.4416887177766958,
  "minPairValue": -0.7143959775298767,
  "fishPairBonus": 3.858180011740128,
  "crabPairBonus": 3.1652429661997727,
  "sailboatPairBonus": 0.12381653678980886,
  "stealPairBonus": 2.4839306532530956,
  "earlyGamePairThreshold": 6.8774927300577815,
  "earlyGamePairBonus": 1.1664309058176487,
  "lateGamePairBonus": 1.0078665056974874,
  "declareThreshold": 10.750542411193477,
  "stopVsLastChanceTurnThreshold": 15,
  "scoreDifferenceForStop": 1.4070945590755963,
  "riskTolerance": 0.9759221785592733,
  "opponentHandSizeWeight": 0.008153965304718458,
  "shellPriority": 1.5367902056826468,
  "octopusPriority": 0.5593644177792038,
  "penguinPriority": 0.5,
  "sailorPriority": 1.8870528543803697,
  "mermaidPriority": 3.7853668563736957,
  "lighthousePriority": 1.9663706479384886,
  "fishSchoolPriority": 1.8197123457847444,
  "penguinColonyPriority": 2.1390854722045898,
  "captainPriority": 1.9396472603389323,
  "earlyGameTurns": 2.1138189346491885,
  "midGameTurns": 6.288812343698245,
  "lateGameScoreBonus": 1,
  "opponentScoreAwareness": 0.6684340343123043,
  "opponentHandAwareness": 0,
  "defensivePlayWeight": 0.15323971687377255
}
